code,file,product,category,prompt
ST-0552,autonomous-navigation-sensors.jpg,Autonomous navigation sensors,Future & Emerging Technology,"Studio product photo: Autonomous navigation sensors. Lidar, radar and IMU sensor kits for autonomous navigation. Show design details that suggest: lidar / radar / imu, sensor fusion, ros. Premium studio product photography, seamless light off-white background, soft diffused light, gentle contact shadow, subtle warm orange rim light, realistic materials and reflections, three-quarter view, centered, the product fills about 65% of the frame, ultra sharp, photorealistic, square 1:1, full-bleed image filling the entire frame. Generic unbranded design: no text, no letters, no numbers, no logos, no brand names, no watermark, no people, no hands, no smartphones or mobile phones anywhere."
ST-0607,smart-hair-dryers.jpg,Smart hair dryers,"Cleaning, Personal Care & Beauty Tech","Studio product photo: Smart hair dryers. Fast dryers with heat control to protect hair. Show design details that suggest: 110,000 rpm, heat control, ionic. Premium studio product photography, seamless light off-white background, soft diffused light, gentle contact shadow, subtle warm orange rim light, realistic materials and reflections, three-quarter view, centered, the product fills about 65% of the frame, ultra sharp, photorealistic, square 1:1, full-bleed image filling the entire frame. Generic unbranded design: no text, no letters, no numbers, no logos, no brand names, no watermark, no people, no hands, no smartphones or mobile phones anywhere."
ST-0613,facial-cleansing-devices.jpg,Facial cleansing devices,"Cleaning, Personal Care & Beauty Tech","Studio product photo: Facial cleansing devices. Sonic brushes for deep facial cleansing. Show design details that suggest: sonic pulses, silicone, waterproof. Premium studio product photography, seamless light off-white background, soft diffused light, gentle contact shadow, subtle warm orange rim light, realistic materials and reflections, three-quarter view, centered, the product fills about 65% of the frame, ultra sharp, photorealistic, square 1:1, full-bleed image filling the entire frame. Generic unbranded design: no text, no letters, no numbers, no logos, no brand names, no watermark, no people, no hands, no smartphones or mobile phones anywhere."
ST-0621,laser-hair-removal-devices.jpg,Laser hair-removal devices,"Cleaning, Personal Care & Beauty Tech","Studio product photo: Laser hair-removal devices. At-home IPL and laser hair removal. Show design details that suggest: ipl / diode, skin sensor, cooling. Premium studio product photography, seamless light off-white background, soft diffused light, gentle contact shadow, subtle warm orange rim light, realistic materials and reflections, three-quarter view, centered, the product fills about 65% of the frame, ultra sharp, photorealistic, square 1:1, full-bleed image filling the entire frame. Generic unbranded design: no text, no letters, no numbers, no logos, no brand names, no watermark, no people, no hands, no smartphones or mobile phones anywhere."
ST-0633,tech-backpacks.jpg,Tech backpacks,Accessories & Everyday Tech,"Studio product photo: Tech backpacks. Backpacks with charging, organisation and anti-theft. Show design details that suggest: laptop compartment, usb port, anti-theft. Premium studio product photography, seamless light off-white background, soft diffused light, gentle contact shadow, subtle warm orange rim light, realistic materials and reflections, three-quarter view, centered, the product fills about 65% of the frame, ultra sharp, photorealistic, square 1:1, full-bleed image filling the entire frame. Generic unbranded design: no text, no letters, no numbers, no logos, no brand names, no watermark, no people, no hands, no smartphones or mobile phones anywhere."
ST-0634,smart-luggage-accessories.jpg,Smart luggage accessories,Accessories & Everyday Tech,"Studio product photo: Smart luggage accessories. Tags, scales, locks and trackers for luggage. Show design details that suggest: smart tags, scale, tsa lock. Premium studio product photography, seamless light off-white background, soft diffused light, gentle contact shadow, subtle warm orange rim light, realistic materials and reflections, three-quarter view, centered, the product fills about 65% of the frame, ultra sharp, photorealistic, square 1:1, full-bleed image filling the entire frame. Generic unbranded design: no text, no letters, no numbers, no logos, no brand names, no watermark, no people, no hands, no smartphones or mobile phones anywhere."
ST-0635,camera-backpacks.jpg,Camera backpacks,Accessories & Everyday Tech,"Studio product photo: Camera backpacks. Protective backpacks for cameras and drones. Show design details that suggest: padded dividers, side access, tripod holder. No brand name or text on the body, top plate or lens ring. Premium studio product photography, seamless light off-white background, soft diffused light, gentle contact shadow, subtle warm orange rim light, realistic materials and reflections, three-quarter view, centered, the product fills about 65% of the frame, ultra sharp, photorealistic, square 1:1, full-bleed image filling the entire frame. Generic unbranded design: no text, no letters, no numbers, no logos, no brand names, no watermark, no people, no hands, no smartphones or mobile phones anywhere."
ST-0636,modular-desk-accessories.jpg,Modular desk accessories,Accessories & Everyday Tech,"Studio product photo: Modular desk accessories. Modular organisers, trays and charging docks. Show design details that suggest: modular, charging, aluminium / wood. Premium studio product photography, seamless light off-white background, soft diffused light, gentle contact shadow, subtle warm orange rim light, realistic materials and reflections, three-quarter view, centered, the product fills about 65% of the frame, ultra sharp, photorealistic, square 1:1, full-bleed image filling the entire frame. Generic unbranded design: no text, no letters, no numbers, no logos, no brand names, no watermark, no people, no hands, no smartphones or mobile phones anywhere."
ST-0637,cable-management-systems.jpg,Cable-management systems,Accessories & Everyday Tech,"Studio product photo: Cable-management systems. Trays, sleeves and clips for clean setups. Show design details that suggest: under-desk tray, sleeves, clips. Premium studio product photography, seamless light off-white background, soft diffused light, gentle contact shadow, subtle warm orange rim light, realistic materials and reflections, three-quarter view, centered, the product fills about 65% of the frame, ultra sharp, photorealistic, square 1:1, full-bleed image filling the entire frame. Generic unbranded design: no text, no letters, no numbers, no logos, no brand names, no watermark, no people, no hands, no smartphones or mobile phones anywhere."
